/italy_serie-a/2011-2012/commentaries.json,1Bh9Wnn7JocGwfx9LEavyLO56RljsLII2,
/italy_serie-a/2013-2014/commentaries.json,1JlHGnp-s9Bx_18YuP3Gek63yGXnRq_RO,
/italy_serie-a/2010-2011/commentaries.json,1ZMqJLClMDlK6Tj6-a4OMkHgszwfich4X,
/italy_serie-a/2012-2013/commentaries.json,1J4j4p091HvwxCbHAhn02YQwtEKuMAvrD,
/italy_serie-a/2016-2017/commentaries.json,1rIsGCbL4NcEX_jCFRfl6g2pc17CUBOym,
/italy_serie-a/2015-2016/commentaries.json,1M37JZ53qfLvhUpOgRdN-dIFd6BhbWHsX,
/italy_serie-a/2014-2015/commentaries.json,16j9bnWfno8Fjd38gJJSluYJsv6zykenr,
/france_ligue-1/2013-2014/commentaries.json,1hoxxPHRvnIJUk3gkEO4FZEK74Siv-3KV,
/france_ligue-1/2015-2016/commentaries.json,1Zah-8HFoS5-oV6eVuTD9cd9Xdt7VHd8W,
/france_ligue-1/2012-2013/commentaries.json,1jRrFEqFb9ktFYL357fmj3QKoK0I65ehL,
/france_ligue-1/2014-2015/commentaries.json,1GIlximWG-bW_CRHIRtJO3pZqOv2O7_1I,
/france_ligue-1/2011-2012/commentaries.json,1mn9oxZ6-KwRjEW5pLoWt3WJYhUsgnLlb,
/france_ligue-1/2016-2017/commentaries.json,1EleAmRvb-mU2wxpRu5oEE4cps8ZDSLaK,
/france_ligue-1/2010-2011/commentaries.json,1Ba2OM_iGpsY-wjy9BvMlF11IcF3gbxX-,
/england_epl/2013-2014/commentaries.json,1doxK7uxFZI_OBLXU3msOlhsK7cTXiast,
/england_epl/2016-2017/commentaries.json,1zReVcMzYPX_ZGE1nNTw_uMe7x9Y05vSz,
/england_epl/2012-2013/commentaries.json,1MFh20czXyt66EuhAtp2zs0rGSTJKaG5b,
/england_epl/2015-2016/commentaries.json,1URJJKa9_TFr7RetD2xujqisB8nLo-9BR,
/england_epl/2014-2015/commentaries.json,1uQ2RIybiFzlkUNXx5aBXH3NcdCz06ruh,
/england_epl/2010-2011/commentaries.json,13JJvS53dzzNcXiSlBaT3em7R21V8Yu0u,
/england_epl/2011-2012/commentaries.json,1-yIBCK0cprbaM32zAGPdx_Gaj2362npW,
/germany_bundesliga/2010-2011/commentaries.json,1ONwRouz81v9ZnodWKWaQ2r5jC1bkqlDM,
/germany_bundesliga/2015-2016/commentaries.json,1LV5LQHplCPR_4v_-6ulYjZ9DYtQg2mk2,
/germany_bundesliga/2012-2013/commentaries.json,1PUZuldWqlHSmKQBf7f0HDpI-wj-KvElx,
/germany_bundesliga/2013-2014/commentaries.json,1CDdjG3zlx8IxOzwfKL3oYdQu5Id80C2Y,
/germany_bundesliga/2011-2012/commentaries.json,1GoMQeEHzFmXqnmPBilh8fMLgYiJsjVAS,
/germany_bundesliga/2016-2017/commentaries.json,1VhuwqD3j2YrTI9FMxu_eGR6TlAldB6U9,
/germany_bundesliga/2014-2015/commentaries.json,1YaVJC5sLv_Gd-7jdJcq0bT9vKzRST5Vh,
/europe_europa-league/2011-2012/commentaries.json,1QCGeuvAbA-9kgwrz1eVgH-NeN1Yhx2GZ,
/europe_europa-league/2010-2011/commentaries.json,1fXYx9dlRAnOlJwwdDIiws852eghJnwj6,
/europe_europa-league/2012-2013/commentaries.json,1P6cGpggzli08_azuI-UYVAtKYQhPMKl_,
/europe_europa-league/2013-2014/commentaries.json,1FnMboq3iIz8AZwqnbqtg0H-s_5RM8Xrm,
/europe_europa-league/2016-2017/commentaries.json,1jDefZ5QZ50N1SECZUHKzLrBfMabbDPMd,
/europe_europa-league/2015-2016/commentaries.json,1VZdV6iWhPhRKYzA6Ayrtykq7QkFtctdm,
/europe_europa-league/2014-2015/commentaries.json,12-4691EGCjXRGVfj3aJUDBreIZdM_Vs9,
/europe_uefa-champions-league/2012-2013/commentaries.json,1mRZcDUPgsQFhopcF1SrwC6jSXzUr_Pi6,
/europe_uefa-champions-league/2011-2012/commentaries.json,1AgsEF25T8jCUMaj88gDfAwLjL83NoYi6,
/europe_uefa-champions-league/2010-2011/commentaries.json,1SHT_QNBF4SVQLo8YlLpYAPwyc3IBqaPT,
/europe_uefa-champions-league/2014-2015/commentaries.json,1jLQVGSOWZJsP01Y--hjJ2QJFXR2E9kc4,
/europe_uefa-champions-league/2013-2014/commentaries.json,12KFUZJaZwyFv_gH6uxcTIGq6OByQjjoN,
/europe_uefa-champions-league/2015-2016/commentaries.json,1qMO1lWQ-IF65P72G29ohX5vDEf0PP1e9,
/europe_uefa-champions-league/2016-2017/commentaries.json,1Nt9jofCDyWn4oc4dAt68VRVPbrNAhl97,
/spain_laliga/2015-2016/commentaries.json,1EYJSW4VttA__LmOqhaeIUTsQX6vlW5YN,
/spain_laliga/2010-2011/commentaries.json,1Rym6nZCUM7yxNbManAWTwGWURD6WUNdz,
/spain_laliga/2014-2015/commentaries.json,1wU_lQ3k5kwvWVyemF4sCB8Vcwi-vlQhK,
/spain_laliga/2016-2017/commentaries.json,14N4VliGKNMk01Qz_ArzYQ0zmgUeadrKn,
/spain_laliga/2011-2012/commentaries.json,19h50CQ1AgGa_gLPjyNnkKrDV9gdpuVS4,
/spain_laliga/2012-2013/commentaries.json,1kW1KRMZW3iinJdoxqvRn9QNEHkAqHtRp,
/spain_laliga/2013-2014/commentaries.json,1Ac_G22iqncwey-poTyr6-90C-qFJwMNl,
